{
  "харьков": [49.993, 36.233, "Харків"],
  "харків": [49.993, 36.233, "Харків"],
  "центр": [49.9945, 36.2355, "Центр"],
  "бнр": [50.27361, 36.39200, "БНР"],
  "белгород": [50.5936, 36.5878, "Бєлгород"],
  "східному напрямку": [49.27, 38.91, "Східний напрямок"],
  "східний напрямок": [49.27, 38.91, "Східний напрямок"],
  "північний напрямок": [50.25, 36.27, "Північ"],
  "південний напрямок": [49.45, 36.30, "Південь"],

  "липци": [50.2037, 36.4243, "Липці"],
  "липцы": [50.2037, 36.4243, "Липці"],
  "цупівка": [50.1614, 36.1025, "Цупівка"],
  "цуповка": [50.1614, 36.1025, "Цупівка"],
  "великі проходи": [50.2013, 36.3371, "Великі проходи"],
  "большие проходы": [50.2013, 36.3371, "Великі проходи"],
  "козача лопань": [50.3412, 36.1867, "Козача Лопань"],
  "слатине": [50.2117, 36.1517, "Слатине"],

  "байрак": [50.0438, 36.4372, "Байрак"],
  "сороківка": [50.0039, 36.5425, "Сороківка"],
  "сороковка": [50.0039, 36.5425, "Сороківка"],
  "вільхівка": [49.9874, 36.5137, "Вільхівка"],
  "ольховка": [49.9874, 36.5137, "Вільхівка"],
  "роганка": [49.8827, 36.4612, "Роганка"],
  "докучаєвське": [49.8940, 36.4495, "Докучаєвське"],
  "докучаевское": [49.8940, 36.4495, "Докучаєвське"],

  "малинівка": [49.8006, 36.7180, "Малинівка"],
  "малиновка": [49.8006, 36.7180, "Малинівка"],
  "кочеток": [49.8720, 36.7254, "Кочеток"],
  "есхар": [49.7953, 36.5927, "Есхар"],
  "чугуїв": [49.8356, 36.6863, "Чугуїв"],

  "безлюдівка": [49.8707, 36.2984, "Безлюдівка"],
  "безлюдовка": [49.8707, 36.2984, "Безлюдівка"],
  "південне": [49.8847, 36.0666, "Південне"],
  "пивденное": [49.8847, 36.0666, "Південне"],
  "гусина поляна": [49.8205, 36.2864, "Гусина Поляна"],
  "буди": [49.8915, 36.0238, "Буди"],
  "коротич": [49.9517, 36.0395, "Коротич"],
  "пісочин": [49.9575, 36.1139, "Пісочин"],

  "нова водолага": [49.7181, 35.8601, "Нова Водолага"],
  "новая водолага": [49.7181, 35.8601, "Нова Водолага"],
  "златопіль": [49.3754, 36.2143, "Златопіль"],
  "лозова": [48.8893, 36.3142, "Лозова"],
  "барвінкове": [48.9035, 37.0251, "Барвінкове"],
  "барвенково": [48.9035, 37.0251, "Барвінкове"],
  "близнюки": [48.8531, 36.5518, "Близнюки"],
  "близнецы": [48.8531, 36.5518, "Близнюки"],

  "куп’янськ": [49.7132, 37.6141, "Куп’янськ"],
  "купянск": [49.7132, 37.6141, "Куп’янськ"],
  "вовчанськ": [50.2868, 36.9366, "Вовчанськ"],
  "ізюм": [49.2081, 37.2725, "Ізюм"],

  "салтівка": [50.0090, 36.3475, "Салтівка"],
  "салтовка": [50.0090, 36.3475, "Салтівка"],
  "олексіївка": [50.0512, 36.2031, "Олексіївка"],
  "алексеевка": [50.0512, 36.2031, "Олексіївка"],
  "п’ятихатки": [50.0895, 36.2551, "П’ятихатки"],
  "пятихатки": [50.0895, 36.2551, "П’ятихатки"],
  "хтз": [49.9443, 36.3957, "ХТЗ"],
  "холодна гора": [49.9801, 36.1950, "Холодна гора"],
  "холодная гора": [49.9801, 36.1950, "Холодна гора"],
  "павлове поле": [50.0242, 36.2198, "Павлове поле"],
  "павлово поле": [50.0242, 36.2198, "Павлове поле"],
  "баварія": [49.9675, 36.1683, "Баварія"],
  "бавария": [49.9675, 36.1683, "Баварія"],
  "жуковського": [50.0412, 36.2847, "Жуковського"],
  "жуковского": [50.0412, 36.2847, "Жуковського"],
  "одеська": [49.9572, 36.2625, "Одеська"],
  "одесская": [49.9572, 36.2625, "Одеська"],
  "гагаріна": [49.9723, 36.2514, "Гагаріна"],
  "гагарина": [49.9723, 36.2514, "Гагаріна"],
  "горизонт": [49.9234, 36.4389, "Горизонт"],
  "рогань": [49.9258, 36.4168, "Рогань"],
  "журавлівка": [50.0058, 36.2731, "Журавлівка"],
  "журавлевка": [50.0058, 36.2731, "Журавлівка"],
  "основа": [49.9325, 36.2522, "Основа"]
}